epoch,time,train/loss,metrics/accuracy_top1,metrics/accuracy_top5,val/loss,lr/pg0,lr/pg1,lr/pg2
1,19.8182,3.16539,0.04762,0.19048,3.17536,0.000114286,0.000114286,0.000114286
2,40.216,3.02587,0.04762,0.2381,3.04919,0.00024149,0.00024149,0.00024149
3,60.3623,3.11022,0,0.28571,3.17697,0.000362095,0.000362095,0.000362095
4,79.4528,2.88961,0,0.2381,3.18506,0.0003703,0.0003703,0.0003703
5,99.3505,2.79093,0,0.14286,3.22988,0.0003604,0.0003604,0.0003604
6,118.523,2.7386,0,0.04762,3.325,0.0003505,0.0003505,0.0003505
7,138.464,2.61429,0,0.04762,3.27809,0.0003406,0.0003406,0.0003406
8,158.338,2.51059,0,0.04762,3.33158,0.0003307,0.0003307,0.0003307
9,177.437,2.35297,0,0.04762,3.37781,0.0003208,0.0003208,0.0003208
10,197.492,2.41207,0.04762,0.04762,3.47659,0.0003109,0.0003109,0.0003109
11,216.997,2.29398,0.04762,0.04762,3.34807,0.000301,0.000301,0.000301
12,236.55,2.32787,0.04762,0.04762,3.58406,0.0002911,0.0002911,0.0002911
13,256.04,2.1966,0.04762,0.04762,3.52459,0.0002812,0.0002812,0.0002812
14,275.182,2.18286,0.04762,0.04762,3.67791,0.0002713,0.0002713,0.0002713
15,295.003,2.10716,0.04762,0.04762,3.56248,0.0002614,0.0002614,0.0002614
16,313.944,2.04422,0.04762,0.04762,3.72978,0.0002515,0.0002515,0.0002515
17,333.46,1.94011,0.04762,0.04762,3.91972,0.0002416,0.0002416,0.0002416
